{"cameraMode":{"drawMode":0,"name":"Shaded","section":"Shading Mode"},"sceneLighting":true,"audioPlay":false,"sceneViewState":{"m_AlwaysRefresh":false,"showFog":true,"showSkybox":true,"showFlares":true,"showImageEffects":true,"showParticleSystems":true,"showVisualEffectGraphs":true,"m_FxEnabled":true},"in2DMode":false,"pivot":{"x":-1.0473694801330567,"y":-1.2957878112792969,"z":2.087573528289795},"rotation":{"x":-0.09509770572185517,"y":0.8923850655555725,"z":-0.22293603420257569,"w":-0.38066425919532778},"size":5.261295795440674,"orthographic":false}